mysql> use sse;
Database changed
mysql> show tables;
+---------------+
| Tables_in_sse |
+---------------+
| empdepartment |
| employee      |
| faculty       |
| sdept         |
| student       |
| student1      |
+---------------+
6 rows in set (0.00 sec)

mysql> select*from student;
+----------+------+------------+-------+-------+--------+
| name     | dept | adress     | marks | grade | std_id |
+----------+------+------------+-------+-------+--------+
| supriya  | BI   | kadapa     |    99 | A     |      1 |
| radha    | CSE  | ananthapur |    98 | A     |      1 |
| rushitha | CSE  | thirupathi |    88 | B     |      2 |
| poojitha | EEE  | nellore    |    78 | C     |      3 |
+----------+------+------------+-------+-------+--------+
4 rows in set (0.00 sec)

mysql> select*from sdept;
+--------+----------+-----------+
| deptid | deptname | rollno    |
+--------+----------+-----------+
|      1 | CSE      | 192220021 |
|      2 | BI       | 192220022 |
|      3 | EEE      | 192220033 |
+--------+----------+-----------+
3 rows in set (0.00 sec)

mysql> select deptid,deptname,rollno
    -> from sdept,student
    -> where student.std_id=sdept.deptid;
+--------+----------+-----------+
| deptid | deptname | rollno    |
+--------+----------+-----------+
|      1 | CSE      | 192220021 |
|      1 | CSE      | 192220021 |
|      2 | BI       | 192220022 |
|      3 | EEE      | 192220033 |
+--------+----------+-----------+
4 rows in set (0.00 sec)

mysql> select name,dept,adress,marks,grade,std_id
    -> from sdept,student
    -> where std_id=deptid;
+----------+------+------------+-------+-------+--------+
| name     | dept | adress     | marks | grade | std_id |
+----------+------+------------+-------+-------+--------+
| supriya  | BI   | kadapa     |    99 | A     |      1 |
| radha    | CSE  | ananthapur |    98 | A     |      1 |
| rushitha | CSE  | thirupathi |    88 | B     |      2 |
| poojitha | EEE  | nellore    |    78 | C     |      3 |
+----------+------+------------+-------+-------+--------+
4 rows in set (0.00 sec)

mysql> select name,dept,adress,marks,grade,std_id
    -> from sdept
    -> left outer join student
    -> on sdept.deptid=student.std_id;
+----------+------+------------+-------+-------+--------+
| name     | dept | adress     | marks | grade | std_id |
+----------+------+------------+-------+-------+--------+
| supriya  | BI   | kadapa     |    99 | A     |      1 |
| radha    | CSE  | ananthapur |    98 | A     |      1 |
| rushitha | CSE  | thirupathi |    88 | B     |      2 |
| poojitha | EEE  | nellore    |    78 | C     |      3 |
+----------+------+------------+-------+-------+--------+
4 rows in set (0.00 sec)

mysql> select name,dept,adress,marks,grade,std_id
    -> from sdept
    -> right outer join student
    -> on sdept.deptid=student.std_id;
+----------+------+------------+-------+-------+--------+
| name     | dept | adress     | marks | grade | std_id |
+----------+------+------------+-------+-------+--------+
| supriya  | BI   | kadapa     |    99 | A     |      1 |
| radha    | CSE  | ananthapur |    98 | A     |      1 |
| rushitha | CSE  | thirupathi |    88 | B     |      2 |
| poojitha | EEE  | nellore    |    78 | C     |      3 |
+----------+------+------------+-------+-------+--------+
4 rows in set (0.00 sec)

mysql>
